MSE,SSIM,Histogram Similarity
3078.178525925926,0.2986820566892591,117.4820323641331
